Handle,Title,Body (HTML),Vendor,Product Category,Type,Tags,Published,Option1 Name,Option1 Value,Variant SKU,Variant Price,Variant Compare At Price,Image Src,Status
sprei-parfumovanyi-dlia-tila-ta-volossia-sol-de-janeiro-rio-radiance-perfume-mis,Спрей парфумований для тіла та волосся Sol de Janeiro Rio Radiance Perfume Mist 90 ml,"<p><strong>Sol de Janeiro Rio Radiance Perfume Mist</strong> — парфумований спрей для тіла та волосся, натхненний сонячним теплом Ріо. Ноти сонячної туберози, кокосового молока та теплого піску.</p>",Sol de Janeiro,Парфуми та аромати,Парфуми та аромати,"Парфуми, Спреї, Sol de Janeiro",true,Title,90 ml,SDJ-RIO-90,799,920,https://lil-shop.com.ua/content/images/37/390x390l80mc0/sprei-parfumovanyi-dlia-tila-ta-volossia-sol-de-janeiro-rio-radiance-perfume-mist-90-ml-70923026042711.webp,active
sprei-parfumovanyi-dlia-tila-ta-volossia-sol-de-janeiro-rio-radiance-perfume-mis,,,,,,,,,,,,,https://lil-shop.com.ua/content/images/37/390x390l80mc0/sprei-parfumovanyi-dlia-tila-ta-volossia-sol-de-janeiro-rio-radiance-perfume-mist-90-ml-22625774301625.webp,
sprei-parfumovanyi-dlia-tila-ta-volossia-sol-de-janeiro-rio-radiance-perfume-mis,,,,,,,,,,,,,https://lil-shop.com.ua/content/images/37/700x700l80mc0/sprei-parfumovanyi-dlia-tila-ta-volossia-sol-de-janeiro-rio-radiance-perfume-mist-90-ml-70923026042711.webp,
sol-de-janeiro-brazilian-crush-cheirosa-71-mist-90ml,Спрей парфумований для тіла та волосся Sol de Janeiro Cheirosa 71 Mist 90ml,"<p><strong>Sol de Janeiro Cheirosa 71</strong> — теплий та затишний гурманський спрей з нотами карамелізованої ванілі, смаженого горіха макадамія та бобів тонка.</p>",Sol de Janeiro,Парфуми та аромати,Парфуми та аромати,"Парфуми, Спреї, Sol de Janeiro",true,Title,90 ml,SDJ-CH71-90,799,920,https://lil-shop.com.ua/content/images/8/1500x1500l80mc0/sprei-parfumovanyi-dlia-tila-ta-volossia-sol-de-janeirobrazilian-crush-cheirosa-71-90-ml-73260098762614.webp,active
sol-de-janeiro-brazilian-crush-trio-mist-set,"Набір парфумованих спреїв Sol de Janeiro Brazilian Crush Trio (62, 71, Rio Radiance)","<p>Подарунковий набір трьох бестселерів Sol de Janeiro: культовий Cheirosa 62, ванільний Cheirosa 71 та сонячний Rio Radiance.</p>",Sol de Janeiro,Парфуми та аромати,Парфуми та аромати,"Парфуми, Спреї, Набори, Sol de Janeiro",true,Title,3 x 90 ml,SDJ-SET-TRIO,1890,2200,https://lil-shop.com.ua/content/images/2/1800x1103l80mc0/nabir-aromativ-brazilian-crush-cheirosa-6271rio-sprei-dlia-tila-ta-volossia-brazilian-crush-cheirosa-49536280110337.webp,active
interierna-aromatychna-svichka-amber-vanilla,Інтерʼєрна ароматична свічка Amber & Vanilla Essence 220g,"<p>Ароматична інтер'єрна свічка з натурального соєвого воску з дерев'яним ґнотом. Ноти амбри, бурштину та теплої мадагаскарської ванілі.</p>",MOLAND Home,Парфуми та аромати,Парфуми та аромати,"Аромати для дому, Свічки, Інтер'єр",true,Title,220g,CANDLE-AMB-220,650,780,https://lil-shop.com.ua/content/images/2/1439x1200l80mc0/46837915370455.webp,active
podarunkovyi-nabir-soievykh-svichok,Подарунковий набір ароматичних свічок Luxury Home Set (3 шт),"<p>Ексклюзивний подарунковий бокс з трьома преміальними свічками: Santal 26, Cashmere Wood та Vanilla Orchid.</p>",MOLAND Home,Парфуми та аромати,Парфуми та аромати,"Аромати для дому, Свічки, Подарункові набори",true,Title,3 x 80g,CANDLE-SET-3,1290,1550,https://lil-shop.com.ua/content/images/3/856x656l80mc0/17319949087054.webp,active
blysk-dlia-hub-fenty-beauty-gloss-bomb-universal-lip-luminizer-fenty-glow-9ml,Блиск для губ Fenty Beauty Gloss Bomb Universal Lip Luminizer - Fenty Glow 9ml,"<p>Культовий універсальний блиск від Ріанни. Зволожувальне масло ши, нелипка текстура та спокусливий глянцевий блиск з ароматом персика.</p>",Fenty Beauty,Декоративна косметика,Декоративна косметика,"Губи, Декоративна косметика, Fenty Beauty, Блиски",true,Title,Fenty Glow (9ml),FB-GLOSS-GLOW,599,690,https://lil-shop.com.ua/content/images/1/374x390l80mc0/blysk-dlia-hub-gloss-bomb-universal-lip-luminizer-fenty-glow-33591340940514.webp,active
blysk-dlia-hub-fenty-beauty-gloss-bomb-universal-lip-luminizer-fenty-glow-9ml,,,,,,,,,,,,,https://lil-shop.com.ua/content/images/1/387x390l80mc0/blysk-dlia-hub-gloss-bomb-universal-lip-luminizer-fenty-glow-13099499521487.webp,
blysk-dlia-hub-fenty-beauty-gloss-bomb-universal-lip-luminizer-fenty-glow-9ml,,,,,,,,,,,,,https://lil-shop.com.ua/content/images/1/312x390l80mc0/blysk-dlia-hub-gloss-bomb-universal-lip-luminizer-fenty-glow-51825259419611.webp,
tint-dlia-hub-rare-beauty-soft-pinch-tinted-lip-oil-hope,Тінт для губ Rare Beauty Soft Pinch Tinted Lip Oil - Hope,<p>Інноваційна желеподібна текстура олійки-тінту від Селени Гомес. Зволожує губи оліями жожоба та соняшника і залишає ніжний стійкий відтінок Hope.</p>,Rare Beauty,Декоративна косметика,Декоративна косметика,"Губи, Декоративна косметика, Rare Beauty, Тінти",true,Title,Hope (Нюд рожевий),RB-TINT-HOPE,1099,1250,https://lil-shop.com.ua/content/images/10/390x390l80mc0/tint-dlia-hub-rare-beauty-soft-pinch-tinted-lip-oil-hope-55545230580396.webp,active
tint-dlia-hub-rare-beauty-soft-pinch-tinted-lip-oil-hope,,,,,,,,,,,,,https://lil-shop.com.ua/content/images/10/390x390l80mc0/tint-dlia-hub-rare-beauty-soft-pinch-tinted-lip-oil-hope-18423838788886.webp,
tint-dlia-hub-rare-beauty-soft-pinch-tinted-lip-oil-hope,,,,,,,,,,,,,https://lil-shop.com.ua/content/images/10/390x390l80mc0/tint-dlia-hub-rare-beauty-soft-pinch-tinted-lip-oil-hope-21817775073710.webp,
balzam-dlia-hub-summer-fridays-lip-butter-balm-brown-sugar-15ml,Бальзам для губ Summer Fridays Lip Butter Balm - Brown Sugar 15ml,<p>Улюблений шовковистий бальзам-баттер для губ з оліями ши та мурумуру. Надає дзеркальний блиск і теплий карамельний відтінок Brown Sugar.</p>,Summer Fridays,Декоративна косметика,Декоративна косметика,"Губи, Декоративна косметика, Summer Fridays, Бальзами",true,Title,Brown Sugar (15ml),SF-BALM-BROWN,499,620,https://lil-shop.com.ua/content/images/8/390x390l80mc0/balzam-dlia-hub-summer-fridays-lip-butter-balm-brown-sugar-75168103762214.webp,active
balzam-dlia-hub-summer-fridays-lip-butter-balm-brown-sugar-15ml,,,,,,,,,,,,,https://lil-shop.com.ua/content/images/8/390x390l80mc0/balzam-dlia-hub-summer-fridays-lip-butter-balm-brown-sugar-94935871299443.webp,
oliika-dlia-hub-summer-fridays-dream-lip-oil-soft-mauve-4-5ml,Олійка для губ Summer Fridays Dream Lip Oil - Soft Mauve 4.5ml,"<p>Живильна олійка для губ з комплексом з 9 натуральних рослинних олій та вітаміном E. Глибоко живить, не липне і дарує витончений відтінок Soft Mauve.</p>",Summer Fridays,Декоративна косметика,Декоративна косметика,"Губи, Декоративна косметика, Summer Fridays, Олійки",true,Title,Soft Mauve (4.5ml),SF-OIL-MAUVE,599,720,https://lil-shop.com.ua/content/images/26/390x390l80mc0/oliika-dlia-hub-summer-fridays-dream-lip-oil-soft-mauve-83798386800838.webp,active
oliika-dlia-hub-summer-fridays-dream-lip-oil-soft-mauve-4-5ml,,,,,,,,,,,,,https://lil-shop.com.ua/content/images/26/390x390l80mc0/oliika-dlia-hub-summer-fridays-dream-lip-oil-soft-mauve-25124021246831.webp,
konturnyi-olivets-dlia-hub-rhode-peptide-lip-shape-stretch,Контурний олівець для губ Rhode Peptide Lip Shape - Stretch,"<p>Пептидний олівець для контурування губ від Гейлі Бібер. Оксамитова ковзаюча формула, що візуально збільшує об'єм губ та тримається цілий день.</p>",Rhode,Декоративна косметика,Декоративна косметика,"Губи, Декоративна косметика, Rhode, Олівці",true,Title,Stretch,RHODE-LIP-STR,799,950,https://lil-shop.com.ua/content/images/2/390x390l80mc0/konturnyi-olivets-dlia-hub-rhode-peptide-lip-shape-stretch-98576261965888.webp,active
konturnyi-olivets-dlia-hub-rhode-peptide-lip-shape-stretch,,,,,,,,,,,,,https://lil-shop.com.ua/content/images/2/390x390l80mc0/konturnyi-olivets-dlia-hub-rhode-peptide-lip-shape-stretch-17785765135199.webp,
balzam-z-tintom-rhode-peptide-lip-tint-raspberry-jelly-10ml,Бальзам з тінтом для губ Rhode Peptide Lip Tint - Raspberry Jelly 10ml,<p>Вірусний пептидний тінт-бальзам Гейлі Бібер. Відтінок соковитої стиглої малини Raspberry Jelly відновлює сухі губи та дарує сяючий об'єм.</p>,Rhode,Декоративна косметика,Декоративна косметика,"Губи, Декоративна косметика, Rhode, Тінти, Бальзами",true,Title,Raspberry Jelly (10ml),RHODE-TINT-RASP,799,920,https://lil-shop.com.ua/content/images/19/600x600l80mc0/balzam-z-tintom-rhode-peptide-lip-tint-raspberry-jelly-10ml-59876748159092.webp,active
dior-addict-lip-glow-oil-001,Олія-блиск для губ Dior Addict Lip Glow Oil 001 Pink,"<p>Культова олія для губ Dior Addict з технологією Color Reviver, що адаптується до індивідуального pH губ, створюючи неповторний свіжий рожевий відтінок.</p>",Dior,Декоративна косметика,Декоративна косметика,"Губи, Декоративна косметика, Dior, Олійки",true,Title,001 Pink,DIOR-GLOW-001,1850,2100,https://lil-shop.com.ua/content/images/14/400x500l80mc0/dior-addict-lip-glow-oil-oliia-dlia-hub-001-13168465110396.webp,active
palitra-khailaiteriv-dlia-oblychchia-dior-backstage-glow-face-palette-001-univer,Палітра хайлайтерів для обличчя Dior Backstage Glow Face Palette 001 Universal 10g,"<p>Знакова палітра хайлайтерів Dior Backstage. Чотири сяючі відтінки з мікроперламутром, що нашаровуються від ніжного внутрішнього сяйва до яскравого глянцю.</p>",Dior,Декоративна косметика,Декоративна косметика,"Обличчя, Декоративна косметика, Dior, Палітри, Хайлайтери",true,Title,001 Universal (10g),DIOR-BACK-001,2199,2500,https://lil-shop.com.ua/content/images/47/390x390l80mc0/palitra-khailaiteriv-dlia-oblychchia-dior-backstage-glow-face-palette-001-universal-10g-83055883802753.webp,active
palitra-khailaiteriv-dlia-oblychchia-dior-backstage-glow-face-palette-001-univer,,,,,,,,,,,,,https://lil-shop.com.ua/content/images/47/390x390l80mc0/palitra-khailaiteriv-dlia-oblychchia-dior-backstage-glow-face-palette-001-universal-10g-30957074229681.webp,
ridki-rumiana-hourglass-unreal-liquid-blush-whim-10-3ml,Рідкі румʼяна Hourglass Unreal Liquid Blush - Whim 10.3ml,<p>Преміальні невагомі рідкі рум'яна Hourglass Unreal з сироватковим ефектом. Формула з гіалуроновою кислотою та пептидами для ефекту розмитого фокусу.</p>,Hourglass,Декоративна косметика,Декоративна косметика,"Обличчя, Декоративна косметика, Hourglass, Рум'яна",true,Title,Whim (10.3ml),HG-BLUSH-WHIM,899,1050,https://lil-shop.com.ua/content/images/21/390x390l80mc0/ridki-rumiana-unreal-liquid-blush-10.3ml-59723467636263.webp,active
ridki-rumiana-hourglass-unreal-liquid-blush-whim-10-3ml,,,,,,,,,,,,,https://lil-shop.com.ua/content/images/21/390x390l80mc0/ridki-rumiana-unreal-liquid-blush-10.3ml-91808013028194.webp,
rhode-pocket-blush-juice-box,Пептидні кремові рум'яна Rhode Pocket Blush - Juice Box,<p>Компактні кремові рум'яна Rhode у трендовому відтінку Juice Box (яскравий ягідний). Надають шкірі свіжого натурального рум'янцю та легкого вологого сяйва.</p>,Rhode,Декоративна косметика,Декоративна косметика,"Обличчя, Декоративна косметика, Rhode, Рум'яна",true,Title,Juice Box,RHODE-BLUSH-JB,1150,1300,https://lil-shop.com.ua/content/images/39/1284x1605l80mc0/rumiana-peptydni-kremovi-rhode-pocket-blush-juice-box-86471484829067.webp,active
rare-beauty-positive-light-liquid-luminizer-enchant-15ml,Рідкий хайлайтер Rare Beauty Positive Light Liquid Luminizer - Enchant 15ml,<p>Шовковистий рідкий хайлайтер другого покоління від Rare Beauty. Відтінок Enchant (м'яке рожеве сяйво) бездоганно розтушовується без підкреслення текстури.</p>,Rare Beauty,Декоративна косметика,Декоративна косметика,"Обличчя, Декоративна косметика, Rare Beauty, Хайлайтери",true,Title,Enchant (15ml),RB-LUM-ENCHANT,1250,1400,https://lil-shop.com.ua/content/images/37/1280x1280l80mc0/ridkyi-khailaiter-rare-beauty-positive-light-liquid-luminizer-enchant-15-ml-60956111488083.webp,active
tarte-shape-tape-contour-concealer-20b-light,Консилер Tarte Shape Tape Contour Concealer - 20B Light,<p>Найпопулярніший у світі консилер з повним перекриттям. Миттєво маскує темні кола під очима та недосконалості без скочування до 16 годин.</p>,Tarte,Декоративна косметика,Декоративна косметика,"Обличчя, Декоративна косметика, Консилери, Tarte",true,Title,20B Light,TARTE-ST-20B,1100,1280,https://lil-shop.com.ua/content/images/37/1000x1000l80mc0/konsyler-tarte-shape-tape-contour-concealer-20b-light-29693226878509.webp,active
elegance-la-poudre-haute-nuance-01-powder-27g,Стійка матуюча пудра для обличчя Elegance La Poudre Haute Nuance 01 (27g),"<p>Легендарна японська пудра вищого класу Elegance. Вирівнює рельєф пор, фіксує макіяж і створює шовковисту порцелянову шкіру.</p>",Elegance,Декоративна косметика,Декоративна косметика,"Обличчя, Декоративна косметика, Пудри",true,Title,01 Elegance (27g),ELEGANCE-01-27G,2450,2800,https://lil-shop.com.ua/content/images/2/1280x1280l80mc0/elegance-la-poudre-haute-nuance-01-stiika-pudra-dlia-oblychchia-27g-95541467097747.webp,active
dr-ceuracle-recovery-bb-cream-spf-28-45ml,Стійкий BB-крем бальзам Dr.Ceuracle Recovery SPF 28 PA++ 45ml,"<p>Корейський лікувальний BB-крем з матовим оксамитовим фінішем. Заспокоює чутливу шкіру, маскує почервоніння та захищає від ультрафіолету.</p>",Dr.Ceuracle,Декоративна косметика,Декоративна косметика,"Обличчя, Декоративна косметика, BB крем, SPF, Dr.Ceuracle",true,Title,45 ml,DRC-BB-45,890,1050,https://lil-shop.com.ua/content/images/5/390x390l80mc0/stiikyi-bb-krem-balzam-z-matovym-efektom-dr.ceuracle-recovery-spf-28-pa-45ml-70439076110325.webp,active
nyx-ultimate-eyeshadow-palette-16-warm-neutrals,Палетка тіней для повік NYX Professional Ultimate 16 Shades 04W Warm Neutrals,<p>Універсальна палетка тіней з 16 теплими базовими відтінками від сатинових до насичено матових. Висока пігментація та бездоганне розтушовування.</p>,NYX Professional,Декоративна косметика,Декоративна косметика,"Очі, Декоративна косметика, NYX, Тіні",true,Title,04W Warm Neutrals,NYX-ULT-16WN,850,980,https://lil-shop.com.ua/content/images/13/1063x1063l80mc0/nyx-professional-paletka-tinei-ultimate-16-vidtinkiv-04w-warm-neutrals-98157405341796.webp,active
revitabrow-advanced-eyebrow-conditioner-3ml,Сироватка для росту та зміцнення брів RevitaBrow Advanced (3ml),"<p>Оригінальна сироватка з запатентованим BioPeptin Complex для стимуляції росту, густоти та захисту волосків брів від ламкості.</p>",RevitaLash,Декоративна косметика,Декоративна косметика,"Очі, Декоративна косметика, Брови, Сироватки",true,Title,3 ml,REV-BROW-3ML,2600,2950,https://lil-shop.com.ua/content/images/50/600x600l80mc0/3ml-revitabrow-advanced-syrovatka-dlia-rostu-briv-61074207028964.webp,active
nabir-penzliv-dlia-makiiazhu-pro,Набір професійних пензлів для макіяжу Pro Artist Brush Set (8 шт),"<p>Повний набір ультрам'яких синтетичних пензлів для нанесення тону, пудри, рум'ян, хайлайтера та тіней з чохлом для зберігання.</p>",MOLAND Beauty,Декоративна косметика,Декоративна косметика,"Обличчя, Аксесуари, Пензлі",true,Title,8 шт + Чохол,BRUSH-SET-8,990,1200,https://lil-shop.com.ua/content/images/50/630x630l80mc0/41288408830248.webp,active
prod-medicube-cleansing-oil,Очищувальна гідрофільна олія Medicube Zero Pore Blackhead Deep Cleansing Oil (150ml),"<p>Глибоко очищує пори від чорних цяток, водостійкого макіяжу та сонцезахисних кремів. Містить LHA-кислоти та ніацинамід для звуження пор.</p>",Medicube,Догляд за обличчям,Догляд за обличчям,"Догляд за обличчям, Очищення, Medicube, Гідрофільна олія",true,Title,150 ml,MED-OIL-150,880,990,https://lil-shop.com.ua/content/images/45/1800x1800l80mc0/ochyshchuvalna-hidrofilna-oliia-medicube-zero-pore-blackhead-deep-cleansing-oil-lha-ta-niatsynamid-150ml-95294052613319.webp,active
skin1004-madagascar-centella-tone-brightening-cleansing-foam-125ml,Освітлюючий гель-пінка для вмивання Skin1004 Madagascar Centella (125ml),"<p>Делікатна пінка з екстрактом центелли азіатської та мадекасосидом. Освітлює постакне, заспокоює подразнення і не сушить шкіру.</p>",Skin1004,Догляд за обличчям,Догляд за обличчям,"Догляд за обличчям, Очищення, Skin1004, Центелла, Вмивання",true,Title,125 ml,SKIN-CENT-125,540,620,https://lil-shop.com.ua/content/images/3/388x600l80mc0/skin1004-madagascar-centella-tone-brightening-cleansing-gel-foam-osvitliuiuchyi-hel-pinka-dlia-vmyvannia-z-tsenteloiu-125ml-71127830164614.webp,active
panoxyl-acne-foaming-wash-156ml,Гель-пінка для проблемної шкіри з акне PanOxyl Acne Foaming Wash 10% (156ml),"<p>Максимальна концентрація 10% бензоїл пероксиду для лікування акне та запалень на обличчі, плечах та спині. Очищає пори від бактерій.</p>",PanOxyl,Догляд за обличчям,Догляд за обличчям,"Догляд за обличчям, Очищення, PanOxyl, Вмивання",true,Title,156 ml,PANOXYL-10-156,680,790,https://lil-shop.com.ua/content/images/23/700x700l80mc0/156ml-panoxyl-acne-foaming-wash-hel-pinka-dlia-chutlyvoi-ta-problemnoi-shkiry-z-akne-19561877194385.webp,active
molochko-dlia-ochyshchennia-sensitive,Заспокійливе молочко для очищення чутливої шкіри обличчя Gentle Milk (200ml),<p>Ультрам'яке очищувальне молочко з церамідами та пантенолом для делікатного видалення макіяжу без порушення захисного ліпідного бар'єру.</p>,MOLAND Skincare,Догляд за обличчям,Догляд за обличчям,"Догляд за обличчям, Очищення, Молочко",true,Title,200 ml,MILK-SENS-200,520,610,https://lil-shop.com.ua/content/images/48/500x500l80mc0/32889521080825.webp,active
prod-anua-heartleaf-ampoule,Заспокійлива сироватка Anua Heartleaf 80% Soothing Ampoule (30ml),"<p>Концентрована ампула з 80% екстрактом хауттюйнії серцеподібної. Миттєво знімає почервоніння, подразнення та балансує виділення себуму.</p>",Anua,Догляд за обличчям,Догляд за обличчям,"Догляд за обличчям, Сироватки, Anua, Заспокоєння",true,Title,30 ml,ANUA-AMP-30,790,890,https://lil-shop.com.ua/content/images/22/800x800l80mc0/zvolozhuiucha-syrovatka-anua-heartleaf-80-soothing-ampoule-30ml-71235933533437.webp,active
la-roche-posay-pure-vitamin-c10-serum-30ml,Сироватка-антиоксидант проти зморшок La Roche-Posay Pure Vitamin C10 (30ml),"<p>Концентрована антиоксидантна сироватка з 10% чистим вітаміном C, саліциловою кислотою та нейросенсином для сяйва шкіри та вирівнювання рельєфу.</p>",La Roche-Posay,Догляд за обличчям,Догляд за обличчям,"Догляд за обличчям, Сироватки, La Roche-Posay, Вітамін C",true,Title,30 ml,LRP-VITC-30,1290,1450,https://lil-shop.com.ua/content/images/17/195x630l80mc0/la-roche-posay-pure-vitamin-c10-syrovatka-antyoksydant-proty-zmorshok-dlia-vidnovlennia-shkiry-oblychchia-30-ml-14381565333304.webp,active
la-roche-posay-retinol-b3-serum-30ml,Сироватка проти зморшок з ретинолом La Roche-Posay Retinol B3 Serum (30ml),<p>Антивікова сироватка з поступовим вивільненням чистого ретинолу та вітаміном B3 (ніацинамід). Зменшує глибокі зморшки та фотостаріння без подразнень.</p>,La Roche-Posay,Догляд за обличчям,Догляд за обличчям,"Догляд за обличчям, Сироватки, La Roche-Posay, Ретинол",true,Title,30 ml,LRP-RET-30,1350,1520,https://lil-shop.com.ua/content/images/15/750x700l80mc0/la-roche-posay-retinol-b3-serum-syrovatka-proty-zmorshok-z-retynolom-30ml-11184830109498.webp,active
la-roche-posay-pure-niacinamide-10-serum-30ml,Сироватка проти пігментації La Roche-Posay Pure Niacinamide 10 Serum (30ml),"<p>Потужна дерматологічна сироватка з 10% ніацинамідом. Ефективно бореться з пігментними плямами, постакне та тьмяним тоном обличчя.</p>",La Roche-Posay,Догляд за обличчям,Догляд за обличчям,"Догляд за обличчям, Сироватки, La Roche-Posay, Ніацинамід",true,Title,30 ml,LRP-NIAC-30,1250,1400,https://lil-shop.com.ua/content/images/37/1010x1069l80mc0/syrovatka-dlia-oblychchia-la-roche-posay-pure-niacinamide-10-serum-72722839118468.webp,active
la-roche-posay-effaclar-daily-skin-renewal-serum-30ml,Сироватка для оновлення шкіри La Roche-Posay Effaclar Daily Renewal (30ml),"<p>Ультраконцентрована сироватка з трьома кислотами (саліцилова, гліколева, LHA) та ніацинамідом проти стійких недосконалостей шкіри.</p>",La Roche-Posay,Догляд за обличчям,Догляд за обличчям,"Догляд за обличчям, Сироватки, La Roche-Posay, Проблемна шкіра",true,Title,30 ml,LRP-EFAC-30,1190,1350,https://lil-shop.com.ua/content/images/17/800x1011l80mc0/syrovatka-dlia-oblychchia-la-roche-posay-effaclar-daily-skin-renewal-serum-30ml-19626486072483.webp,active
prod-paulas-choice-bha-exfoliant,Тонік-ексфоліант Paula's Choice Skin Perfecting 2% BHA Liquid Exfoliant (118ml),"<p>Світовий бестселер ексфоліації. 2% саліцилова кислота м'яко відлущує омертвілі клітини, очищає забиті пори та вирівнює тон шкіри.</p>",Paula's Choice,Догляд за обличчям,Догляд за обличчям,"Догляд за обличчям, Тоніки, Paula's Choice, BHA",true,Title,118 ml,PC-BHA-118,1450,1650,https://lil-shop.com.ua/content/images/24/1500x1500l80mc0/tonik-dlia-problemnoi-shkiry-exfoliate-paulas-choice-iz-salitsylovoiu-kyslotoiu-2-118ml-60428301325264.webp,active
la-mer-the-treatment-lotion-30ml,Лосьйон для догляду за шкірою La Mer The Treatment Lotion (30ml),"<p>Шовковистий підготовчий лосьйон з клітинним Miracle Broth. Заряджає шкіру енергією, глибоко зволожує та готує до наступних етапів догляду.</p>",La Mer,Догляд за обличчям,Догляд за обличчям,"Догляд за обличчям, Тоніки, La Mer, Лосьйони",true,Title,30 ml,LAMER-LOT-30,2200,2500,https://lil-shop.com.ua/content/images/32/630x630l80mc0/la-mer-the-treatment-lotion-losion-dlia-dohliadu-za-shkiroiu-30ml-13881267600703.webp,active
la-mer-the-moisturizing-cream-60ml,Зволожуючий крем для обличчя La Mer The Moisturizing Cream (60ml),"<p>Легендарний Crème de la Mer з ферментом морських водоростей Miracle Broth. Глибоко живить, заспокоює сухість та повертає шкірі молодість і сяйво.</p>",La Mer,Догляд за обличчям,Догляд за обличчям,"Догляд за обличчям, Креми, La Mer, Зволоження",true,Title,60 ml,LAMER-CRM-60,2950,3400,https://lil-shop.com.ua/content/images/26/1080x1080l80mc0/zvolozhuiuchyi-krem-dlia-oblychchia-la-mer-the-moisturizing-cream-60-ml-49795685594321.webp,active
centellian24-the-madeca-cream-season6-45ml,Багатофункціональний антивіковий крем Centellian24 The Madeca Cream Season 6 (45ml),"<p>Знаменитий регенеруючий крем з концентрованою центеллою TECA від фармгіганта Dongkook. Загоює, зміцнює бар'єр шкіри та бореться зі зморшками.</p>",Centellian24,Догляд за обличчям,Догляд за обличчям,"Догляд за обличчям, Креми, Centellian24, Антивікові",true,Title,45 ml,CENT-CRM-45,620,750,https://lil-shop.com.ua/content/images/6/400x400l80mc0/centellian24-the-madeca-cream-season6-bahatofunktsionalnyi-antyvikovyi-krem-45ml-72337466721322.webp,active
tocobo-collagen-brightening-eye-gel-cream,Колагеновий гель навколо очей Tocobo Collagen Brightening Eye Gel Cream (30ml),"<p>Легкий освіжаючий гель-крем з рослинним колагеном та водою лаванди. Освітлює темні кола, зменшує набряки та зволожує ніжну шкіру повік.</p>",Tocobo,Догляд за обличчям,Догляд за обличчям,"Догляд за обличчям, Зона навколо очей, Tocobo, Креми",true,Title,30 ml,TOCOBO-EYE-30,590,680,https://lil-shop.com.ua/content/images/1/500x500l80mc0/kolahenovyi-hel-navkolo-ochei-tocobo-collagen-brightening-eye-gel-cream-42337467305049.webp,active
silulan-collagen-eye-patches-5-pairs,Колагенові патчі Silulan для шкіри навколо очей (5 пар),"<p>Гідрогелеві патчі з морським колагеном проти зморшок, набряків та втоми очей. Швидкий ефект відпочилого погляду за 15 хвилин.</p>",Silulan,Догляд за обличчям,Догляд за обличчям,"Догляд за обличчям, Зона навколо очей, Патчі, Silulan",true,Title,5 пар,SIL-PATCH-5P,390,460,https://lil-shop.com.ua/content/images/18/1024x1024l80mc0/kolahenovi-patchi-silulan-dlia-shkiry-navkolo-ochei-proty-zmorshok-ta-nabriakiv-5-par-45050273724710.webp,active
estee-lauder-anr-eye-concentrate-matrix-15ml,Омолоджувальний концентрат Estée Lauder Advanced Night Repair Matrix (15ml),<p>Ультраживильний концентрат для контуру очей зі сталевим охолоджуючим аплікатором. Зміцнює делікатну шкіру та розгладжує мімічні зморшки.</p>,Estée Lauder,Догляд за обличчям,Догляд за обличчям,"Догляд за обличчям, Зона навколо очей, Estée Lauder, Сироватки",true,Title,15 ml,EL-ANR-EYE-15,2350,2700,https://lil-shop.com.ua/content/images/9/600x600l80mc0/estee-lauder-anr-eye-concentrate-matrix-omolodzhuvalnyi-dohliad-dlia-shkiry-navkolo-ochei-15ml-68224068447595.webp,active
biodance-collagen-gel-toner-pads-60pcs,Зволожуючі колагенові педи для обличчя Biodance Collagen Gel Toner Pads (60 шт),"<p>Щільні тонер-педи, просочені концентрованим колагеновим гелем та гіалуроновою кислотою. Миттєво освіжають, заспокоюють і дарують гладкість.</p>",Biodance,Догляд за обличчям,Догляд за обличчям,"Догляд за обличчям, Маски та педи, Biodance, Тоніки",true,Title,60 шт,BIO-PADS-60,980,1150,https://lil-shop.com.ua/content/images/36/1080x1120l80mc0/zvolozhuiuchi-kolahenovi-pady-dlia-oblychchia-biodance-collagen-gel-toner-pads-60sht-58464449758575.webp,active
prod-biodance-bio-collagen-mask,Гідрогелева маска з колагеном Biodance Bio-Collagen Real Deep Mask,"<p>Вірусна корейська нічна маска, яка стає прозорою після повного вбирання оліго-гіалуронової кислоти та колагену в глибокі шари епідермісу.</p>",Biodance,Догляд за обличчям,Догляд за обличчям,"Догляд за обличчям, Маски та педи, Biodance, Маски",true,Title,1 шт (34g),BIO-MASK-DEEP,450,520,https://lil-shop.com.ua/content/images/45/1000x1000l80mc0/maska-hidroheleva-z-kolahenom-biodance-bio-collagen-real-deep-mask-57891938294814.webp,active
sontsezakhysnyi-krem-spf50,Сонцезахисний зволожуючий крем Daily Moisture Sunscreen SPF 50+ PA++++ (50ml),<p>Невагомий хімічний сонцезахисний крем нового покоління без білих слідів та липкості. Зволожує гіалуроновою кислотою та надійно блокує UVA/UVB.</p>,MOLAND Skincare,Догляд за обличчям,Догляд за обличчям,"Догляд за обличчям, SPF захист, Креми",true,Title,50 ml,SPF50-DAILY-50,640,750,https://lil-shop.com.ua/content/images/44/1000x667l80mc0/78795577073420.webp,active
prod-olaplex-bonding-oil,Відновлююча олія для волосся Olaplex No.7 Bonding Oil (30ml),<p>Ультралегка висококонцентрована олія для відновлення пошкоджених дисульфідних зв'язків волосся. Надає дзеркальний блиск і термозахист до 232°C.</p>,Olaplex,Догляд за волоссям,Догляд за волоссям,"Догляд за волоссям, Olaplex, Олії для волосся",true,Title,30 ml,OLA-NO7-30,1250,1400,https://lil-shop.com.ua/content/images/18/1000x1000l80mc0/olaplex-no.7-bonding-oil-30ml-vidnovliuiucha-oliia-dlia-volossia-43019718400082.webp,active
prod-k18-leave-in-mask,Незмивна маска для молекулярного відновлення волосся K18 Leave-in Mask (50ml),<p>Революційний біоактивний пептид K18 відновлює кератинові ланцюжки волосся всього за 4 хвилини після фарбування чи термоукладання.</p>,K18,Догляд за волоссям,Догляд за волоссям,"Догляд за волоссям, K18, Маски для волосся",true,Title,50 ml,K18-MASK-50,1190,1350,https://lil-shop.com.ua/content/images/12/509x515l80mc0/50ml-k18-maska-dlia-volossia-leave-in-molecular-repair-hair-mask-43210506973965.webp,active
vidnovliuvalnyi-bezsulfatnyi-shampun,Відновлювальний безсульфатний шампунь Repair & Moisture (250ml),<p>Професійний безсульфатний шампунь з амінокислотами шовку та рослинними протеїнами для щоденного дбайливого очищення пошкодженого волосся.</p>,MOLAND Hair,Догляд за волоссям,Догляд за волоссям,"Догляд за волоссям, Шампуні",true,Title,250 ml,SHAMP-REP-250,580,690,https://lil-shop.com.ua/content/images/36/595x700l80mc0/84792797635563.webp,active
prod-sol-de-janeiro-bum-bum,Крем для тіла Sol de Janeiro Brazilian Bum Bum Cream (75ml),"<p>Культовий бразильський крем для пружності шкіри з екстрактом гуарани, олією купуасу та фірмовим п'янким ароматом солоної карамелі й фісташки.</p>",Sol de Janeiro,Догляд за тілом,Догляд за тілом,"Догляд за тілом, Sol de Janeiro, Креми для тіла",true,Title,75 ml,SDJ-BUM-75,890,990,https://lil-shop.com.ua/content/images/21/1200x630l80mc0/krem-dlia-tila-brazilian-bum-sol-de-janeiro-75ml-38934533931936.webp,active
kosmetychka-charlotte-tilbury-sumka-zhinocha,Косметичка Charlotte Tilbury сумка жіноча,<p>Фірмова стьобана оксамитова косметичка Charlotte Tilbury у відтінку Rose Gold з золотою фурнітурою та водостійкою підкладкою.</p>,Charlotte Tilbury,Аксесуари та сумки,Аксесуари та сумки,"Сумки, Аксесуари, Charlotte Tilbury, Косметички",true,Title,One Size,CT-BAG-ROSE,1499,1800,https://lil-shop.com.ua/content/images/24/505x390l80mc0/kosmetychka-charlotte-tilbury-18342289879514.webp,active
kosmetychka-charlotte-tilbury-sumka-zhinocha,,,,,,,,,,,,,https://lil-shop.com.ua/content/images/24/390x390l80mc0/kosmetychka-charlotte-tilbury-62947243149201.webp,
kosmetychka-charlotte-tilbury-sumka-zhinocha,,,,,,,,,,,,,https://lil-shop.com.ua/content/images/24/390x390l80mc0/kosmetychka-charlotte-tilbury-49868432513971.webp,
